name,identity,calls_per_frame,us_per_call,ms_per_frame,share_percent,grid_x,grid_y,grid_z,block_x,block_y,block_z,shared_bytes
cc_tinlayout_fused_pre_block_swin_1h_32_1_ds_fp8,83da80729d32d742476065b5736b0ace23d43cec2b153c57eb75389e2bb53f78,1.0,658.3082666666661,0.658308266666666,6.725979692421522,168,96,1,32,1,1,0
cc_tinlayout_fused_swin_8h_256_8_chained_fp8,0d9b13a8076e7b309d175824e4afc547a9db674d5d98aa7b6ada4f46b721b4a3,6.0,108.66773333333369,0.6520064000000022,6.661593098221587,11,7,1,32,8,1,0
cc_tinlayout_fused_swin_8h_256_8_chained_fp8,41d0a663a6a51f0f63b6b261dbcfd2502ee3b708be7a59cdd3395bf257fd1854,6.0,101.99893333333237,0.6119935999999943,6.252779638230132,11,6,1,32,8,1,0
cc_split_swin_16h_ffwd_512_chained_fp8,dee2466b0c129848d15df00b32638fcc1d9436af25aed2b5e67f9bfcd4f72e03,15.0,36.21063111111312,0.5431594666666969,5.549496683438344,6,3,2,32,8,1,0
cc_tinlayout_fused_post_block_swin_1h_32_fp8,cd34ba8ff9035f2d921122e49b39dbbe3292d9f9b7a69b641a73a4e7e293c7c4,1.0,530.2528000000001,0.5302528000000001,5.417628404863296,169,97,1,32,1,1,0
cc_vit_1d_ffn_contract_chained_fp8,296e45da13d03ae95048691720522c3b0f57399055a68860ccaf0544f927d41d,8.0,60.01226666666612,0.48009813333332896,4.905194813244718,24,1,4,32,4,1,0
cc_vit_1d_ffn_expand_chained_fp8,213d246de9f3654222ee135c2591863fea44ce6736db65b588199dfff9f6cb4b,7.0,62.49678095238018,0.4374774666666612,4.469736604692967,96,1,1,32,4,1,0
cc_split_swin_16h_qkv_512_chained_fp8,88e102041dfefaca7f7b2efda46078f40c0cedbfa2d3cebf5e40d34557fc7cdb,8.0,50.93386666666804,0.4074709333333443,4.1631578420385225,6,4,4,32,4,1,0
cc_vit_1d_qkv_chained_fp8,936a527c50363f2257e7f786f1fc8722b475a8cf931c81cf69387fea8f65eb6f,8.0,49.01653333333383,0.3921322666666706,4.006441656426487,48,1,2,32,4,1,0
cc_split_swin_16h_qkv_512_chained_fp8,0795d4d001301a6b715a5fd5e759299f0d4f49e412055a758f3f60421d6fc92a,8.0,43.67466666666629,0.34939733333333034,3.569815977681097,6,3,4,32,4,1,0
cc_tinlayout_fused_swin_1h_32_1_chained_fp8,c3662e49d6b0f0ac38372d62a63401ba8a12f9af789cc3046baf70687665a59a,2.0,157.01333333333324,0.3140266666666665,3.208431505157295,85,48,1,32,1,1,0
cc_tinlayout_fused_swin_1h_32_1_ds_wait_fp8,ee224283bb8d7a252996e173b3eaad8ef8dedef008f7988279c940a0ef893b5f,1.0,311.2447999999999,0.31124479999999993,3.1800089869322616,84,49,1,32,1,1,0
cc_tinlayout_fused_swin_1h_32_1_chained_fp8,a2d945395fcd704f49dfd6db5f1fa3b9b54498484bad0902f1c3b050ee3c5382,2.0,142.78186666666684,0.2855637333333337,2.917623807183057,85,49,1,32,1,1,0
cc_split_swin_16h_ffwd_proj_512_chained_fp8,783216a48c23b42d2822b5759910aaa2ce35e4ba75cab3b46ad5c387cfd45882,15.0,15.719822222222463,0.23579733333333694,2.40915716212664,12,3,1,32,4,1,0
cc_vit_1d_projection_chained_fp8,3235d93d120988ce2954df27de96cdb6deb802f35ff1dc3f4ac1a77631437145,7.0,33.03375238095289,0.23123626666667021,2.3625564382270046,24,1,4,32,4,1,0
cc_split_swin_16h_proj_512_chained_fp8,ba396615dd81e757c4cabdc91650c5404c4790a71a969f212bd41a07536c348c,14.0,15.023238095238236,0.2103253333333353,2.1489080305262287,12,3,1,32,8,1,0
cc_tinlayout_fused_swin_2h_64_2_chained_fp8,c29fdceab268fe6d5d8a21db23e9be0826463d3cf1cf144925bea8d260b8a21d,2.0,101.27359999999935,0.2025471999999987,2.069438320826443,43,25,1,32,2,1,0
cc_tinlayout_fused_swin_2h_64_2_chained_fp8,3f1cb74973f591237d8e3f75129d4a5f1b2aa2bd05f5585c2338d6541d97945f,2.0,97.36106666666699,0.19472213333333396,1.9894890901137117,43,24,1,32,2,1,0
cc_tinlayout_fused_swin_8h_256_8_inpview_tilesync_fp8,041f0b58ebe4c439c053003ce45c57402d10d23de84d48a422d3630869acb5f0,1.0,180.30080000000032,0.18030080000000032,1.8421453606649087,11,6,1,32,8,1,0
cc_tinlayout_fused_swin_4h_128_4_chained_fp8,4021961478eb186efbe0d9d7b64682f1360e4db54e8230e930f37a00700d5da1,2.0,89.02399999999982,0.17804799999999962,1.8191283520409471,22,13,1,32,4,1,0
cc_tinlayout_fused_swin_4h_128_4_chained_fp8,1ff6035267bef5f30d0c99502a196ca547048889fcdef7b8f97e6ce48ce205e8,2.0,83.25546666666645,0.1665109333333329,1.7012533684819067,21,13,1,32,4,1,0
cc_tinlayout_fused_swin_4h_128_4_chained_fp8,1004f5775609acc53e368fbfee953bc515876c2a38b00346539f742c3c8e2314,2.0,80.61439999999975,0.1612287999999995,1.647285458109831,22,12,1,32,4,1,0
cc_tinlayout_fused_swin_4h_128_4_chained_fp8,e61c324d2b02e03f16f2012f6510f4522fff5a0a442db15bf42fefe8263268f7,2.0,75.96800000000036,0.1519360000000007,1.552340297536031,21,12,1,32,4,1,0
cc_tinlayout_fused_swin_1h_32_1_upsample_tilesync_fp8,af20321f2ccc3120bed50fa5b433e6c025134601d9224d1f401c8869b25908d3,1.0,151.0655999999999,0.1510655999999999,1.5434473623858584,84,48,1,32,1,1,0
cc_vit_1d_attention_chained_fp8,304b0f62f694f8e416a705a532c97ef4d702e99196bb72684687a230e9b63cdf,8.0,18.282666666666696,0.1462613333333336,1.4943618477825045,32,2,1,32,4,1,0
cc_tinlayout_fused_swin_1h_32_1_inpview_tilesync_fp8,f4871e15c48e030381aa625cdc76fab5cb44c2a311793abc7b18b36cc30ca325,1.0,134.09706666666693,0.13409706666666693,1.3700787197770228,84,48,1,32,1,1,0
cc_tinlayout_fused_swin_1h_32_1_outview_wait_fp8,a800443f04844294d471257648c7e2ba4e727dd7a012ffe23ce962f1191036ce,1.0,121.66826666666643,0.12166826666666643,1.243092836970996,84,49,1,32,1,1,0
cc_tinlayout_fused_swin_2h_64_2_ds_wait_fp8,033b0554d6f7ef938d3ce1b6dbdb9fb85549ad89427246a3a6369a35164d930d,1.0,118.05866666666682,0.11805866666666683,1.2062133117894365,42,25,1,32,2,1,0
cc_tinlayout_fused_swin_8h_256_8_outview_wait_fp8,f99bc9228c46c88332feaecbf60082f98d959bfad0ab231377309bce0b441099,1.0,117.29493333333286,0.11729493333333287,1.1984101971233547,11,7,1,32,8,1,0
cc_tinlayout_fused_swin_8h_256_8_upsample_tilesync_fp8,3901277455cf8ccf83dfee24af0727aee78b993cf45492d79075806ec2ebd03a,1.0,114.22719999999997,0.11422719999999996,1.1670669600009664,11,6,1,32,8,1,0
cc_tinlayout_fused_swin_8h_256_8_ds_wait_fp8,41b0116f34f854b11ae5f6bb6da77cb94c01e606d11c8627d5284f2ada99c705,1.0,108.52693333333306,0.10852693333333305,1.1088269533312607,11,7,1,32,8,1,0
cc_tinlayout_fused_swin_4h_128_4_upsample_tilesync_fp8,e431330aadd37091b66a263c4871f11a2a129e5af9f90459204a2c0b504153c1,1.0,106.47893333333333,0.10647893333333333,1.0879024000367594,22,12,1,32,4,1,0
cc_tinlayout_fused_swin_2h_64_2_inpview_tilesync_fp8,00585ab0ae1ea67e208ba3237444d9ba85f6ef9f0a8079976c4ccc4ce5be0d54,1.0,103.62880000000038,0.10362880000000037,1.0587823967019117,42,24,1,32,2,1,0
cc_tinlayout_fused_swin_4h_128_4_ds_wait_fp8,de306c480824340c0e79d8882edf82fd88c012cc88b534328ab3cc8eba021494,1.0,99.73333333333336,0.09973333333333337,1.018982152622987,22,13,1,32,4,1,0
cc_tinlayout_fused_swin_2h_64_2_upsample_tilesync_fp8,0905fca108d6f170b7419f4443832154910ee6bccfee8b2187b6f21482f28d75,1.0,99.62239999999981,0.09962239999999982,1.0178487393195323,42,24,1,32,2,1,0
cc_tinlayout_fused_swin_2h_64_2_outview_wait_fp8,e630f8e2e19c5d22ff371b3ab91d5736f2db163a021339ed375c096d72b8b222,1.0,98.08639999999993,0.09808639999999992,1.0021553243486554,42,25,1,32,2,1,0
cc_tinlayout_fused_swin_4h_128_4_outview_wait_fp8,95ecdd0607b7942d193ddbe2d99fc9e40744cd837edad49d8aa900728042ab39,1.0,84.55253333333359,0.0845525333333336,0.8638789013274775,21,13,1,32,4,1,0
cc_tinlayout_fused_swin_4h_128_4_inpview_tilesync_fp8,c44bb7ab1f0765f6a6b0156e15ed125a5fe6017f75cfb96e273cebdac8771c60,1.0,73.73653333333296,0.07373653333333295,0.7533711042408713,21,12,1,32,4,1,0
cc_vit_1d_ffn_expand_publish_fp8,01b2c18a038c7cd5c35cb9d50d7f11000e8af265221733953f4c5b1fa0c17c6e,1.0,48.494933333333314,0.048494933333333316,0.4954759848861117,96,1,1,32,4,1,0
cc_vit_1d_projection_wait_fp8,915c75984492ee6648f9b0f2bdbb03950228548692df0eebe474633d92690fef,1.0,30.766933333333366,0.030766933333333364,0.31434782043056103,24,1,4,32,4,1,0
cc_split_swin_16h_ffwd_inpview_512_tilesync_fp8,7ba88923e60a7921fe4a832222ac210bff317c679289b09197b424c210b7fe09,1.0,23.769600000000093,0.023769600000000096,0.2428555966743393,6,3,2,32,4,1,0
cg2r_copy_kernel,41c78473c603b41682ef8563cea5f1c5790e7132c20aa6e17d4c5f71ac301353,1.0,23.76533333333326,0.023765333333333256,0.24281200385497398,80,45,1,16,16,1,0
cc_split_swin_16h_proj_512_outview_wait_fp8,47de468048f4f276ba5186ff271d751c75636b46aef04531069f70c9a655c341,1.0,18.632533333333235,0.018632533333333236,0.19036984216062283,12,3,1,32,4,1,0
cc_dec_input_upsample_1024_512_tilesync_fp8,89aec2d1ac5ed966e1f4c598c83e44baaa6612d6dfa78025eceabe98fb845e61,1.0,18.154666666666632,0.018154666666666635,0.18548744639190587,12,3,4,32,2,1,0
cc_split_swin_16h_ffwd_proj_inpview_512_chained_fp8,546e67e80e2ce2da2fe0d6ab4728d0693b9b787888095d20908538dab23a6904,1.0,17.76213333333332,0.01776213333333332,0.18147690701045946,12,3,1,32,4,1,0
cc_split_swin_16h_proj_pool_512_chained_fp8,2564422c6fd248bd746920c9829c4a3a28033abd66ff30c27841034eee6e54dd,1.0,17.45066666666669,0.01745066666666669,0.17829463119692068,12,3,1,32,4,1,0
cc_split_swin_16h_final_head_512_wait_fp8,9f7fba7e7f0dca34f8deec1198f4c07c18656697ed88f43943ec4550aafaa4d9,1.0,13.115733333333317,0.013115733333333318,0.13400432672355322,12,2,1,32,8,1,0
cc_vit_1d_repack_2d_to_1d_fp8,5baef2a2c5afe77cfa9a16fd730443507c2bcf8668315148be2b6a3d8a37f7fa,1.0,6.024533333333326,0.0060245333333333265,0.061553060941332845,288,1,1,256,1,1,0
cc_vit_1d_repack_1d_to_2d_fp8,f440e3fe9d67f1e4659ea84b669c41ef136c9de2858308c26989581a439e2bd7,1.0,5.102933333333343,0.005102933333333343,0.05213701195880618,288,1,1,256,1,1,0
cc_cb_clear,b06e58dfd2992b2325fa3b344cbec949fc7562ef4e3150dbbf797e2c20382237,1.0,1.6810666666666667,0.001681066666666667,0.017175570829238793,208,1,1,256,1,1,0
