candidate,kind,calls_or_occurrences_per_frame,us_per_call_or_sequence,ms_per_frame,share_observed_native_kernel_percent,semantic_abi,producer_consumer_relations,memory_traffic_bytes_per_frame,expected_reduction_percent,estimated_critical_frame_impact_ms,hypothetical_25_percent_reduction_ms,effort,decision
cc_tinlayout_fused_swin_8h_256_8_chained_fp8,kernel_family,12.0,96.55146666666666,1.1586176,13.469028563685342,unresolved,,,,,0.2896544,not estimated before ABI and dependency qualification,BLOCKED; qualify ABI/replay before kernel changes
cc_vit_1d_projection_chained_fp8 -> cc_vit_1d_ffn_expand_chained_fp8 -> cc_vit_1d_ffn_contract_chained_fp8,adjacent_sequence,7.0,143.3605619047619,1.0035239333333332,11.66605144131121,unresolved,not established,,,,0.2508809833333333,not estimated before ABI and dependency qualification,BLOCKED; qualify ABI/replay before kernel changes
cc_split_swin_16h_ffwd_512_chained_fp8 -> cc_split_swin_16h_ffwd_proj_512_chained_fp8,adjacent_sequence,15.0,47.58229333333333,0.7137344,8.297223363847417,unresolved,not established,,,,0.1784336,not estimated before ABI and dependency qualification,BLOCKED; qualify ABI/replay before kernel changes
cc_split_swin_16h_qkv_512_chained_fp8,kernel_family,16.0,43.71093333333333,0.6993749333333333,8.130293337329071,unresolved,,,,,0.17484373333333333,not estimated before ABI and dependency qualification,BLOCKED; qualify ABI/replay before kernel changes
cc_vit_1d_qkv_chained_fp8 -> cc_vit_1d_attention_chained_fp8 -> cc_vit_1d_projection_chained_fp8,adjacent_sequence,7.0,90.46430476190477,0.6332501333333334,7.36158688925856,unresolved,not established,,,,0.15831253333333334,not estimated before ABI and dependency qualification,BLOCKED; qualify ABI/replay before kernel changes
cc_tinlayout_fused_swin_4h_128_4_chained_fp8,kernel_family,8.0,77.9304,0.6234432000000001,7.247580451596278,unresolved,,,,,0.15586080000000002,not estimated before ABI and dependency qualification,BLOCKED; qualify ABI/replay before kernel changes
cc_tinlayout_fused_post_block_swin_1h_32_fp8,kernel_family,1.0,511.38986666666665,0.5113898666666666,5.9449508805257,unresolved,,,,,0.12784746666666666,not estimated before ABI and dependency qualification,BLOCKED; qualify ABI/replay before kernel changes
cc_tinlayout_fused_pre_block_swin_1h_32_1_ds_fp8,kernel_family,1.0,503.3493333333334,0.5033493333333333,5.851478993741026,unresolved,,,,,0.12583733333333333,not estimated before ABI and dependency qualification,BLOCKED; qualify ABI/replay before kernel changes
cc_split_swin_16h_ffwd_512_chained_fp8,kernel_family,15.0,32.988728888888886,0.49483093333333333,5.7524518661392205,unresolved,,,,,0.12370773333333333,not estimated before ABI and dependency qualification,BLOCKED; qualify ABI/replay before kernel changes
cc_tinlayout_fused_swin_1h_32_1_chained_fp8,kernel_family,4.0,115.67519999999999,0.4627008,5.378936321733814,unresolved,,,,,0.1156752,not estimated before ABI and dependency qualification,BLOCKED; qualify ABI/replay before kernel changes
cc_vit_1d_ffn_contract_chained_fp8,kernel_family,8.0,56.93115833333333,0.45544926666666663,5.294636627341822,unresolved,,,,,0.11386231666666666,not estimated before ABI and dependency qualification,BLOCKED; qualify ABI/replay before kernel changes
cc_vit_1d_ffn_expand_chained_fp8,kernel_family,7.0,56.8704,0.39809279999999997,4.62786280322125,qualified selected 96x1x1 shape,,,,,0.09952319999999999,not estimated before ABI and dependency qualification,USE STOCK; measured exact reference slower
cc_tinlayout_fused_swin_2h_64_2_chained_fp8,kernel_family,4.0,87.91946666666666,0.35167786666666667,4.088285238675176,unresolved,,,,,0.08791946666666667,not estimated before ABI and dependency qualification,BLOCKED; qualify ABI/replay before kernel changes
cc_vit_1d_qkv_chained_fp8,kernel_family,8.0,43.221599999999995,0.3457728,4.019638334292057,unresolved,,,,,0.0864432,not estimated before ABI and dependency qualification,BLOCKED; qualify ABI/replay before kernel changes
cc_split_swin_16h_ffwd_proj_512_chained_fp8,kernel_family,15.0,14.593564444444443,0.21890346666666666,2.544771497708196,unresolved,,,,,0.054725866666666664,not estimated before ABI and dependency qualification,BLOCKED; qualify ABI/replay before kernel changes
cc_vit_1d_projection_chained_fp8,kernel_family,7.0,29.414704761904765,0.20590293333333334,2.393639187263568,unresolved,,,,,0.051475733333333336,not estimated before ABI and dependency qualification,BLOCKED; qualify ABI/replay before kernel changes
cc_split_swin_16h_proj_512_chained_fp8,kernel_family,14.0,14.388114285714286,0.2014336,2.341682805514061,unresolved,,,,,0.0503584,not estimated before ABI and dependency qualification,BLOCKED; qualify ABI/replay before kernel changes
cc_vit_1d_attention_chained_fp8,kernel_family,8.0,17.8096,0.1424768,1.6563049697005152,unresolved,,,,,0.0356192,not estimated before ABI and dependency qualification,BLOCKED; qualify ABI/replay before kernel changes
cc_tinlayout_fused_swin_1h_32_1_upsample_tilesync_fp8,kernel_family,1.0,132.53119999999998,0.1325312,1.540686520193975,unresolved,,,,,0.0331328,not estimated before ABI and dependency qualification,BLOCKED; qualify ABI/replay before kernel changes
cc_tinlayout_fused_swin_1h_32_1_ds_wait_fp8,kernel_family,1.0,128.5474,0.1285474,1.4943745049164499,unresolved,,,,,0.03213685,not estimated before ABI and dependency qualification,BLOCKED; qualify ABI/replay before kernel changes
cc_tinlayout_fused_swin_1h_32_1_outview_wait_fp8,kernel_family,1.0,113.83466666666666,0.11383466666666667,1.323337723223722,unresolved,,,,,0.028458666666666667,not estimated before ABI and dependency qualification,BLOCKED; qualify ABI/replay before kernel changes
cc_tinlayout_fused_swin_1h_32_1_inpview_tilesync_fp8,kernel_family,1.0,110.95039999999999,0.11095039999999999,1.289807876863181,unresolved,,,,,0.027737599999999998,not estimated before ABI and dependency qualification,BLOCKED; qualify ABI/replay before kernel changes
cc_tinlayout_fused_swin_8h_256_8_upsample_tilesync_fp8,kernel_family,1.0,109.59786666666666,0.10959786666666665,1.2740845613361225,unresolved,,,,,0.027399466666666664,not estimated before ABI and dependency qualification,BLOCKED; qualify ABI/replay before kernel changes
cc_tinlayout_fused_swin_8h_256_8_ds_wait_fp8,kernel_family,1.0,107.9424,0.10794240000000001,1.2548396199339185,unresolved,,,,,0.026985600000000002,not estimated before ABI and dependency qualification,BLOCKED; qualify ABI/replay before kernel changes
cc_tinlayout_fused_swin_8h_256_8_inpview_tilesync_fp8,kernel_family,1.0,99.9552,0.0999552,1.1619877377047276,unresolved,,,,,0.0249888,not estimated before ABI and dependency qualification,BLOCKED; qualify ABI/replay before kernel changes
cc_tinlayout_fused_swin_2h_64_2_upsample_tilesync_fp8,kernel_family,1.0,98.48960000000001,0.0984896,1.1449500125200445,unresolved,,,,,0.0246224,not estimated before ABI and dependency qualification,BLOCKED; qualify ABI/replay before kernel changes
cc_tinlayout_fused_swin_2h_64_2_ds_wait_fp8,kernel_family,1.0,97.23946666666667,0.09723946666666668,1.1304171057395143,unresolved,,,,,0.02430986666666667,not estimated before ABI and dependency qualification,BLOCKED; qualify ABI/replay before kernel changes
cc_tinlayout_fused_swin_8h_256_8_outview_wait_fp8,kernel_family,1.0,94.86506666666668,0.09486506666666666,1.102814502929394,unresolved,,,,,0.023716266666666666,not estimated before ABI and dependency qualification,BLOCKED; qualify ABI/replay before kernel changes
cc_tinlayout_fused_swin_4h_128_4_ds_wait_fp8,kernel_family,1.0,91.48586666666667,0.09148586666666667,1.0635310142939673,unresolved,,,,,0.022871466666666666,not estimated before ABI and dependency qualification,BLOCKED; qualify ABI/replay before kernel changes
cc_tinlayout_fused_swin_2h_64_2_outview_wait_fp8,kernel_family,1.0,91.30239999999999,0.09130239999999999,1.0613981986231045,unresolved,,,,,0.022825599999999998,not estimated before ABI and dependency qualification,BLOCKED; qualify ABI/replay before kernel changes
cc_tinlayout_fused_swin_4h_128_4_upsample_tilesync_fp8,kernel_family,1.0,90.76053333333333,0.09076053333333332,1.0550989523393932,unresolved,,,,,0.02269013333333333,not estimated before ABI and dependency qualification,BLOCKED; qualify ABI/replay before kernel changes
cc_tinlayout_fused_swin_2h_64_2_inpview_tilesync_fp8,kernel_family,1.0,86.304,0.08630399999999999,1.0032913716832024,unresolved,,,,,0.021575999999999998,not estimated before ABI and dependency qualification,BLOCKED; qualify ABI/replay before kernel changes
cc_tinlayout_fused_swin_4h_128_4_outview_wait_fp8,kernel_family,1.0,79.00373333333333,0.07900373333333334,0.9184251481286377,unresolved,,,,,0.019750933333333335,not estimated before ABI and dependency qualification,BLOCKED; qualify ABI/replay before kernel changes
cc_tinlayout_fused_swin_4h_128_4_inpview_tilesync_fp8,kernel_family,1.0,73.568,0.07356800000000001,0.8552342838337718,unresolved,,,,,0.018392000000000002,not estimated before ABI and dependency qualification,BLOCKED; qualify ABI/replay before kernel changes
cc_vit_1d_ffn_expand_publish_fp8,kernel_family,1.0,49.107200000000006,0.049107200000000004,0.5708753945068752,unresolved,,,,,0.012276800000000001,not estimated before ABI and dependency qualification,BLOCKED; qualify ABI/replay before kernel changes
cc_vit_1d_projection_wait_fp8,kernel_family,1.0,29.420799999999996,0.0294208,0.3420193129868507,unresolved,,,,,0.0073552,not estimated before ABI and dependency qualification,BLOCKED; qualify ABI/replay before kernel changes
cg2r_copy_kernel,kernel_family,1.0,23.04853333333333,0.023048533333333333,0.2679411686976967,unresolved,,,,,0.005762133333333333,not estimated before ABI and dependency qualification,BLOCKED; qualify ABI/replay before kernel changes
cc_split_swin_16h_ffwd_inpview_512_tilesync_fp8,kernel_family,1.0,21.96053333333333,0.02196053333333333,0.2552930757658357,unresolved,,,,,0.005490133333333333,not estimated before ABI and dependency qualification,BLOCKED; qualify ABI/replay before kernel changes
cc_dec_input_upsample_1024_512_tilesync_fp8,kernel_family,1.0,18.638933333333334,0.018638933333333333,0.21667919205033095,unresolved,,,,,0.004659733333333333,not estimated before ABI and dependency qualification,BLOCKED; qualify ABI/replay before kernel changes
cc_split_swin_16h_proj_512_outview_wait_fp8,kernel_family,1.0,18.42986666666667,0.01842986666666667,0.21424877419283614,unresolved,,,,,0.004607466666666667,not estimated before ABI and dependency qualification,BLOCKED; qualify ABI/replay before kernel changes
cc_split_swin_16h_ffwd_proj_inpview_512_chained_fp8,kernel_family,1.0,17.8752,0.017875199999999997,0.20780072681580897,unresolved,,,,,0.004468799999999999,not estimated before ABI and dependency qualification,BLOCKED; qualify ABI/replay before kernel changes
cc_split_swin_16h_proj_pool_512_chained_fp8,kernel_family,1.0,17.55733333333333,0.01755733333333333,0.20410549966512803,unresolved,,,,,0.004389333333333333,not estimated before ABI and dependency qualification,BLOCKED; qualify ABI/replay before kernel changes
cc_split_swin_16h_final_head_512_wait_fp8,kernel_family,1.0,13.512533333333332,0.013512533333333332,0.15708435417726865,unresolved,,,,,0.003378133333333333,not estimated before ABI and dependency qualification,BLOCKED; qualify ABI/replay before kernel changes
cc_vit_1d_repack_2d_to_1d_fp8,kernel_family,1.0,5.998933333333334,0.005998933333333334,0.06973811240077037,unresolved,,,,,0.0014997333333333334,not estimated before ABI and dependency qualification,BLOCKED; qualify ABI/replay before kernel changes
cc_vit_1d_repack_1d_to_2d_fp8,kernel_family,1.0,5.1029333333333335,0.005102933333333334,0.05932203586864961,unresolved,,,,,0.0012757333333333334,not estimated before ABI and dependency qualification,BLOCKED; qualify ABI/replay before kernel changes
cc_cb_clear,kernel_family,1.0,1.6405333333333332,0.0016405333333333332,0.01907134012666871,unresolved,,,,,0.0004101333333333333,not estimated before ABI and dependency qualification,BLOCKED; qualify ABI/replay before kernel changes
