timestamp, pstate, temperature.gpu, clocks.current.graphics [MHz], clocks.current.memory [MHz], power.draw [W], utilization.gpu [%]
2026/09/30 13:23:00.621, P0, 50, 2370 MHz, 8001 MHz, 16.30 W, 3 %
2026/09/30 13:23:01.629, P0, 50, 2370 MHz, 8001 MHz, 17.03 W, 3 %
2026/09/30 13:23:02.630, P0, 50, 2370 MHz, 8001 MHz, 18.06 W, 45 %
2026/09/30 13:23:03.631, P0, 64, 2625 MHz, 8001 MHz, 85.55 W, 95 %
2026/09/30 13:23:04.643, P0, 64, 2625 MHz, 8001 MHz, 94.53 W, 95 %
2026/09/30 13:23:05.657, P0, 65, 2625 MHz, 8001 MHz, 94.89 W, 94 %
2026/09/30 13:23:06.664, P0, 65, 2625 MHz, 8001 MHz, 94.86 W, 95 %
2026/09/30 13:23:07.676, P0, 65, 2625 MHz, 8001 MHz, 94.66 W, 95 %
2026/09/30 13:23:08.686, P0, 66, 2625 MHz, 8001 MHz, 94.05 W, 95 %
2026/09/30 13:23:09.699, P0, 58, 2625 MHz, 8001 MHz, 94.90 W, 83 %
2026/09/30 13:23:10.714, P0, 53, 2625 MHz, 8001 MHz, 26.76 W, 2 %
2026/09/30 13:23:11.725, P0, 62, 2625 MHz, 8001 MHz, 31.26 W, 96 %
2026/09/30 13:23:12.738, P0, 66, 2625 MHz, 8001 MHz, 93.87 W, 95 %
2026/09/30 13:23:13.740, P0, 66, 2625 MHz, 8001 MHz, 96.26 W, 95 %
2026/09/30 13:23:14.754, P0, 67, 2625 MHz, 8001 MHz, 96.58 W, 95 %
2026/09/30 13:23:15.769, P0, 67, 2625 MHz, 8001 MHz, 96.79 W, 94 %
2026/09/30 13:23:16.785, P0, 68, 2610 MHz, 8001 MHz, 96.91 W, 95 %
2026/09/30 13:23:17.786, P0, 67, 2610 MHz, 8001 MHz, 96.47 W, 93 %
2026/09/30 13:23:18.787, P0, 67, 2610 MHz, 8001 MHz, 96.44 W, 95 %
2026/09/30 13:23:19.802, P0, 55, 2625 MHz, 8001 MHz, 41.16 W, 4 %
2026/09/30 13:23:20.802, P0, 63, 2625 MHz, 8001 MHz, 22.04 W, 40 %
2026/09/30 13:23:21.817, P0, 68, 2610 MHz, 8001 MHz, 90.74 W, 96 %
2026/09/30 13:23:22.820, P0, 68, 2625 MHz, 8001 MHz, 99.55 W, 95 %
2026/09/30 13:23:23.823, P0, 68, 2595 MHz, 8001 MHz, 99.75 W, 96 %
2026/09/30 13:23:24.824, P0, 69, 2595 MHz, 8001 MHz, 99.68 W, 96 %
2026/09/30 13:23:25.838, P0, 68, 2610 MHz, 8001 MHz, 99.82 W, 96 %
2026/09/30 13:23:26.843, P0, 69, 2595 MHz, 8001 MHz, 99.74 W, 96 %
2026/09/30 13:23:27.847, P0, 69, 2595 MHz, 8001 MHz, 99.66 W, 96 %
2026/09/30 13:23:28.851, P0, 69, 2610 MHz, 8001 MHz, 99.78 W, 96 %
2026/09/30 13:23:29.853, P0, 70, 2580 MHz, 8001 MHz, 99.46 W, 96 %
2026/09/30 13:23:30.854, P0, 70, 2595 MHz, 8001 MHz, 99.35 W, 93 %
2026/09/30 13:23:31.855, P0, 69, 2580 MHz, 8001 MHz, 99.19 W, 97 %
2026/09/30 13:23:32.869, P0, 56, 2625 MHz, 8001 MHz, 42.59 W, 4 %
2026/09/30 13:23:33.885, P0, 60, 2370 MHz, 8001 MHz, 20.95 W, 27 %
2026/09/30 13:23:34.889, P0, 68, 2610 MHz, 8001 MHz, 88.11 W, 96 %
2026/09/30 13:23:35.890, P0, 69, 2610 MHz, 8001 MHz, 99.40 W, 92 %
2026/09/30 13:23:36.900, P0, 70, 2595 MHz, 8001 MHz, 99.57 W, 96 %
2026/09/30 13:23:37.903, P0, 70, 2610 MHz, 8001 MHz, 99.45 W, 93 %
2026/09/30 13:23:38.906, P0, 70, 2595 MHz, 8001 MHz, 99.87 W, 96 %
2026/09/30 13:23:39.906, P0, 70, 2610 MHz, 8001 MHz, 99.58 W, 97 %
2026/09/30 13:23:40.921, P0, 71, 2595 MHz, 8001 MHz, 99.63 W, 96 %
2026/09/30 13:23:41.937, P0, 70, 2595 MHz, 8001 MHz, 99.77 W, 95 %
2026/09/30 13:23:42.938, P0, 70, 2595 MHz, 8001 MHz, 99.81 W, 96 %
2026/09/30 13:23:43.939, P0, 70, 2595 MHz, 8001 MHz, 99.87 W, 96 %
2026/09/30 13:23:44.954, P0, 70, 2595 MHz, 8001 MHz, 99.63 W, 97 %
2026/09/30 13:23:45.958, P0, 58, 2625 MHz, 8001 MHz, 41.78 W, 4 %
2026/09/30 13:23:46.967, P0, 60, 2370 MHz, 8001 MHz, 21.08 W, 26 %
2026/09/30 13:23:47.981, P0, 71, 2580 MHz, 8001 MHz, 88.49 W, 96 %
2026/09/30 13:23:48.997, P0, 72, 2580 MHz, 8001 MHz, 99.64 W, 97 %
2026/09/30 13:23:49.997, P0, 71, 2535 MHz, 8001 MHz, 99.56 W, 95 %
2026/09/30 13:23:51.001, P0, 71, 2550 MHz, 8001 MHz, 99.44 W, 97 %
2026/09/30 13:23:52.001, P0, 71, 2565 MHz, 8001 MHz, 99.42 W, 98 %
2026/09/30 13:23:53.013, P0, 72, 2490 MHz, 8001 MHz, 99.72 W, 98 %
2026/09/30 13:23:54.027, P0, 72, 2535 MHz, 8001 MHz, 99.02 W, 97 %
2026/09/30 13:23:55.040, P0, 72, 2520 MHz, 8001 MHz, 99.50 W, 95 %
2026/09/30 13:23:56.052, P0, 71, 2595 MHz, 8001 MHz, 99.38 W, 97 %
2026/09/30 13:23:57.053, P0, 72, 2565 MHz, 8001 MHz, 99.15 W, 94 %
2026/09/30 13:23:58.056, P0, 72, 2520 MHz, 8001 MHz, 99.33 W, 95 %
2026/09/30 13:23:59.056, P0, 72, 2565 MHz, 8001 MHz, 99.43 W, 97 %
2026/09/30 13:24:00.057, P0, 73, 2550 MHz, 8001 MHz, 99.24 W, 96 %
2026/09/30 13:24:01.060, P0, 71, 2460 MHz, 8001 MHz, 99.07 W, 97 %
2026/09/30 13:24:02.075, P0, 72, 2505 MHz, 8001 MHz, 99.20 W, 98 %
2026/09/30 13:24:03.089, P0, 73, 2550 MHz, 8001 MHz, 100.03 W, 97 %
2026/09/30 13:24:04.102, P0, 72, 2535 MHz, 8001 MHz, 99.31 W, 99 %
2026/09/30 13:24:05.117, P0, 72, 2520 MHz, 8001 MHz, 99.41 W, 98 %
2026/09/30 13:24:06.120, P0, 73, 2550 MHz, 8001 MHz, 99.54 W, 97 %
2026/09/30 13:24:07.125, P0, 74, 2535 MHz, 8001 MHz, 99.57 W, 98 %
2026/09/30 13:24:08.140, P0, 71, 2550 MHz, 8001 MHz, 97.35 W, 68 %
2026/09/30 13:24:09.156, P0, 72, 2505 MHz, 8001 MHz, 98.48 W, 98 %
2026/09/30 13:24:10.170, P0, 64, 2580 MHz, 8001 MHz, 97.79 W, 81 %
2026/09/30 13:24:11.182, P0, 59, 2625 MHz, 8001 MHz, 27.74 W, 4 %
2026/09/30 13:24:12.184, P0, 58, 2370 MHz, 8001 MHz, 20.66 W, 8 %
2026/09/30 13:24:13.198, P0, 70, 2520 MHz, 8001 MHz, 90.04 W, 98 %
2026/09/30 13:24:14.199, P0, 73, 2535 MHz, 8001 MHz, 99.66 W, 98 %
2026/09/30 13:24:15.202, P0, 73, 2550 MHz, 8001 MHz, 99.79 W, 98 %
2026/09/30 13:24:16.204, P0, 73, 2535 MHz, 8001 MHz, 99.45 W, 98 %
2026/09/30 13:24:17.206, P0, 72, 2535 MHz, 8001 MHz, 99.32 W, 97 %
2026/09/30 13:24:18.207, P0, 71, 2505 MHz, 8001 MHz, 99.61 W, 99 %
2026/09/30 13:24:19.211, P0, 73, 2550 MHz, 8001 MHz, 99.88 W, 98 %
2026/09/30 13:24:20.213, P0, 71, 2550 MHz, 8001 MHz, 99.24 W, 98 %
2026/09/30 13:24:21.216, P0, 71, 2490 MHz, 8001 MHz, 99.83 W, 99 %
2026/09/30 13:24:22.230, P0, 71, 2565 MHz, 8001 MHz, 99.46 W, 98 %
2026/09/30 13:24:23.232, P0, 72, 2490 MHz, 8001 MHz, 99.57 W, 98 %
2026/09/30 13:24:24.235, P0, 73, 2535 MHz, 8001 MHz, 99.78 W, 98 %
2026/09/30 13:24:25.237, P0, 73, 2565 MHz, 8001 MHz, 99.36 W, 98 %
2026/09/30 13:24:26.242, P0, 72, 2490 MHz, 8001 MHz, 99.71 W, 98 %
2026/09/30 13:24:27.249, P0, 73, 2550 MHz, 8001 MHz, 99.80 W, 98 %
2026/09/30 13:24:28.254, P0, 72, 2565 MHz, 8001 MHz, 99.17 W, 98 %
2026/09/30 13:24:29.256, P0, 74, 2550 MHz, 8001 MHz, 99.64 W, 98 %
2026/09/30 13:24:30.259, P0, 74, 2535 MHz, 8001 MHz, 99.63 W, 98 %
2026/09/30 13:24:31.263, P0, 72, 2520 MHz, 8001 MHz, 99.17 W, 98 %
2026/09/30 13:24:32.276, P0, 72, 2550 MHz, 8001 MHz, 99.86 W, 98 %
2026/09/30 13:24:33.292, P0, 74, 2550 MHz, 8001 MHz, 99.66 W, 98 %
2026/09/30 13:24:34.306, P0, 72, 2550 MHz, 8001 MHz, 98.85 W, 99 %
2026/09/30 13:24:35.321, P0, 60, 2610 MHz, 8001 MHz, 47.94 W, 4 %
2026/09/30 13:24:36.336, P0, 59, 2625 MHz, 8001 MHz, 21.57 W, 5 %
2026/09/30 13:24:37.338, P0, 72, 2550 MHz, 8001 MHz, 54.06 W, 97 %
2026/09/30 13:24:38.341, P0, 71, 2535 MHz, 8001 MHz, 99.90 W, 98 %
2026/09/30 13:24:39.343, P0, 72, 2535 MHz, 8001 MHz, 99.74 W, 98 %
2026/09/30 13:24:40.358, P0, 73, 2550 MHz, 8001 MHz, 99.34 W, 98 %
2026/09/30 13:24:41.364, P0, 72, 2535 MHz, 8001 MHz, 99.52 W, 97 %
2026/09/30 13:24:42.366, P0, 74, 2520 MHz, 8001 MHz, 99.40 W, 98 %
2026/09/30 13:24:43.369, P0, 72, 2565 MHz, 8001 MHz, 99.57 W, 98 %
2026/09/30 13:24:44.369, P0, 72, 2505 MHz, 8001 MHz, 99.44 W, 98 %
2026/09/30 13:24:45.372, P0, 74, 2550 MHz, 8001 MHz, 99.72 W, 98 %
2026/09/30 13:24:46.385, P0, 73, 2520 MHz, 8001 MHz, 99.90 W, 98 %
2026/09/30 13:24:47.385, P0, 72, 2535 MHz, 8001 MHz, 99.01 W, 98 %
2026/09/30 13:24:48.401, P0, 73, 2550 MHz, 8001 MHz, 99.38 W, 98 %
2026/09/30 13:24:49.413, P0, 73, 2520 MHz, 8001 MHz, 98.31 W, 98 %
2026/09/30 13:24:50.428, P0, 74, 2565 MHz, 8001 MHz, 99.58 W, 98 %
2026/09/30 13:24:51.441, P0, 73, 2535 MHz, 8001 MHz, 99.61 W, 98 %
2026/09/30 13:24:52.457, P0, 73, 2535 MHz, 8001 MHz, 99.53 W, 98 %
2026/09/30 13:24:53.471, P0, 74, 2535 MHz, 8001 MHz, 99.85 W, 98 %
2026/09/30 13:24:54.487, P0, 73, 2520 MHz, 8001 MHz, 99.68 W, 98 %
2026/09/30 13:24:55.499, P0, 74, 2550 MHz, 8001 MHz, 99.49 W, 98 %
2026/09/30 13:24:56.503, P0, 74, 2535 MHz, 8001 MHz, 99.77 W, 97 %
2026/09/30 13:24:57.517, P0, 74, 2505 MHz, 8001 MHz, 99.76 W, 98 %
2026/09/30 13:24:58.532, P0, 74, 2550 MHz, 8001 MHz, 99.55 W, 97 %
2026/09/30 13:24:59.542, P0, 74, 2565 MHz, 8001 MHz, 99.54 W, 97 %
2026/09/30 13:25:00.558, P0, 60, 2625 MHz, 8001 MHz, 46.87 W, 4 %
2026/09/30 13:25:01.568, P0, 59, 2625 MHz, 8001 MHz, 21.29 W, 4 %
2026/09/30 13:25:02.570, P0, 72, 2505 MHz, 8001 MHz, 86.62 W, 98 %
2026/09/30 13:25:03.572, P0, 72, 2520 MHz, 8001 MHz, 99.64 W, 98 %
2026/09/30 13:25:04.587, P0, 73, 2505 MHz, 8001 MHz, 99.79 W, 98 %
2026/09/30 13:25:05.592, P0, 72, 2565 MHz, 8001 MHz, 99.81 W, 97 %
2026/09/30 13:25:06.607, P0, 71, 2535 MHz, 8001 MHz, 99.43 W, 97 %
2026/09/30 13:25:07.621, P0, 72, 2580 MHz, 8001 MHz, 99.82 W, 98 %
2026/09/30 13:25:08.632, P0, 72, 2565 MHz, 8001 MHz, 99.63 W, 98 %
2026/09/30 13:25:09.633, P0, 73, 2535 MHz, 8001 MHz, 99.47 W, 99 %
2026/09/30 13:25:10.633, P0, 73, 2535 MHz, 8001 MHz, 99.84 W, 98 %
2026/09/30 13:25:11.647, P0, 73, 2490 MHz, 8001 MHz, 99.56 W, 98 %
2026/09/30 13:25:12.651, P0, 74, 2565 MHz, 8001 MHz, 99.77 W, 97 %
2026/09/30 13:25:13.651, P0, 73, 2535 MHz, 8001 MHz, 99.54 W, 98 %
2026/09/30 13:25:14.654, P0, 72, 2565 MHz, 8001 MHz, 99.44 W, 98 %
2026/09/30 13:25:15.657, P0, 74, 2550 MHz, 8001 MHz, 99.60 W, 98 %
2026/09/30 13:25:16.672, P0, 74, 2475 MHz, 8001 MHz, 99.56 W, 97 %
2026/09/30 13:25:17.687, P0, 74, 2520 MHz, 8001 MHz, 99.83 W, 98 %
2026/09/30 13:25:18.691, P0, 74, 2520 MHz, 8001 MHz, 99.90 W, 97 %
2026/09/30 13:25:19.700, P0, 73, 2520 MHz, 8001 MHz, 99.78 W, 98 %
2026/09/30 13:25:20.701, P0, 74, 2505 MHz, 8001 MHz, 99.60 W, 98 %
2026/09/30 13:25:21.703, P0, 74, 2550 MHz, 8001 MHz, 99.76 W, 98 %
2026/09/30 13:25:22.715, P0, 73, 2505 MHz, 8001 MHz, 99.31 W, 98 %
2026/09/30 13:25:23.717, P0, 74, 2535 MHz, 8001 MHz, 99.21 W, 98 %
2026/09/30 13:25:24.718, P0, 60, 2625 MHz, 8001 MHz, 69.28 W, 4 %
2026/09/30 13:25:25.729, P0, 59, 2625 MHz, 8001 MHz, 21.83 W, 3 %
2026/09/30 13:25:26.730, P0, 71, 2595 MHz, 8001 MHz, 53.08 W, 95 %
2026/09/30 13:25:27.742, P0, 73, 2595 MHz, 8001 MHz, 99.73 W, 97 %
2026/09/30 13:25:28.757, P0, 72, 2520 MHz, 8001 MHz, 99.75 W, 96 %
2026/09/30 13:25:29.771, P0, 72, 2595 MHz, 8001 MHz, 99.01 W, 93 %
2026/09/30 13:25:30.771, P0, 72, 2535 MHz, 8001 MHz, 99.38 W, 97 %
2026/09/30 13:25:31.776, P0, 72, 2565 MHz, 8001 MHz, 99.67 W, 97 %
2026/09/30 13:25:32.787, P0, 73, 2550 MHz, 8001 MHz, 99.72 W, 96 %
2026/09/30 13:25:33.800, P0, 72, 2580 MHz, 8001 MHz, 99.52 W, 96 %
2026/09/30 13:25:34.816, P0, 73, 2565 MHz, 8001 MHz, 99.74 W, 96 %
2026/09/30 13:25:35.829, P0, 72, 2580 MHz, 8001 MHz, 99.87 W, 96 %
2026/09/30 13:25:36.830, P0, 74, 2580 MHz, 8001 MHz, 99.57 W, 96 %
2026/09/30 13:25:37.846, P0, 61, 2625 MHz, 8001 MHz, 74.23 W, 5 %
2026/09/30 13:25:38.847, P0, 59, 2625 MHz, 8001 MHz, 21.76 W, 7 %
2026/09/30 13:25:39.862, P0, 68, 2595 MHz, 8001 MHz, 40.88 W, 97 %
2026/09/30 13:25:40.876, P0, 70, 2595 MHz, 8001 MHz, 99.69 W, 96 %
2026/09/30 13:25:41.877, P0, 72, 2565 MHz, 8001 MHz, 99.88 W, 97 %
2026/09/30 13:25:42.890, P0, 72, 2550 MHz, 8001 MHz, 99.70 W, 97 %
2026/09/30 13:25:43.906, P0, 72, 2565 MHz, 8001 MHz, 99.85 W, 96 %
2026/09/30 13:25:44.910, P0, 73, 2550 MHz, 8001 MHz, 99.61 W, 96 %
2026/09/30 13:25:45.925, P0, 72, 2565 MHz, 8001 MHz, 99.83 W, 97 %
2026/09/30 13:25:46.935, P0, 72, 2595 MHz, 8001 MHz, 99.41 W, 93 %
2026/09/30 13:25:47.939, P0, 70, 2610 MHz, 8001 MHz, 99.57 W, 92 %
2026/09/30 13:25:48.953, P0, 70, 2580 MHz, 8001 MHz, 97.85 W, 74 %
2026/09/30 13:25:49.968, P0, 71, 2580 MHz, 8001 MHz, 99.96 W, 96 %
2026/09/30 13:25:50.981, P0, 74, 2595 MHz, 8001 MHz, 99.54 W, 67 %
2026/09/30 13:25:51.983, P0, 60, 2625 MHz, 8001 MHz, 27.33 W, 4 %
2026/09/30 13:25:52.997, P0, 60, 2370 MHz, 8001 MHz, 21.72 W, 52 %
2026/09/30 13:25:54.009, P0, 71, 2610 MHz, 8001 MHz, 90.12 W, 94 %
2026/09/30 13:25:55.020, P0, 73, 2610 MHz, 8001 MHz, 98.24 W, 94 %
2026/09/30 13:25:56.035, P0, 72, 2610 MHz, 8001 MHz, 98.26 W, 94 %
2026/09/30 13:25:57.046, P0, 73, 2595 MHz, 8001 MHz, 98.89 W, 95 %
2026/09/30 13:25:58.058, P0, 73, 2610 MHz, 8001 MHz, 98.48 W, 94 %
2026/09/30 13:25:59.068, P0, 72, 2610 MHz, 8001 MHz, 98.79 W, 95 %
2026/09/30 13:26:00.080, P0, 72, 2610 MHz, 8001 MHz, 98.61 W, 95 %
2026/09/30 13:26:01.093, P0, 61, 2625 MHz, 8001 MHz, 58.77 W, 10 %
2026/09/30 13:26:02.107, P0, 59, 2625 MHz, 8001 MHz, 21.06 W, 7 %
2026/09/30 13:26:03.119, P0, 70, 2610 MHz, 8001 MHz, 62.05 W, 94 %
2026/09/30 13:26:04.134, P0, 71, 2610 MHz, 8001 MHz, 98.18 W, 95 %
2026/09/30 13:26:05.142, P0, 73, 2610 MHz, 8001 MHz, 98.44 W, 95 %
2026/09/30 13:26:06.157, P0, 72, 2595 MHz, 8001 MHz, 98.58 W, 95 %
2026/09/30 13:26:07.171, P0, 73, 2595 MHz, 8001 MHz, 98.33 W, 95 %
2026/09/30 13:26:08.182, P0, 72, 2610 MHz, 8001 MHz, 98.54 W, 95 %
2026/09/30 13:26:09.191, P0, 73, 2610 MHz, 8001 MHz, 98.34 W, 94 %
2026/09/30 13:26:10.205, P0, 63, 2610 MHz, 8001 MHz, 88.64 W, 10 %
2026/09/30 13:26:11.220, P0, 58, 2625 MHz, 8001 MHz, 20.74 W, 5 %
2026/09/30 13:26:12.234, P0, 70, 2610 MHz, 8001 MHz, 66.62 W, 95 %
2026/09/30 13:26:13.243, P0, 71, 2610 MHz, 8001 MHz, 97.74 W, 94 %
2026/09/30 13:26:14.246, P0, 72, 2610 MHz, 8001 MHz, 98.03 W, 95 %
2026/09/30 13:26:15.257, P0, 72, 2610 MHz, 8001 MHz, 98.17 W, 94 %
2026/09/30 13:26:16.271, P0, 72, 2610 MHz, 8001 MHz, 97.94 W, 94 %
2026/09/30 13:26:17.286, P0, 72, 2610 MHz, 8001 MHz, 98.57 W, 94 %
2026/09/30 13:26:18.287, P0, 73, 2610 MHz, 8001 MHz, 98.27 W, 95 %
2026/09/30 13:26:19.300, P0, 62, 2610 MHz, 8001 MHz, 83.52 W, 8 %
2026/09/30 13:26:20.303, P0, 58, 2625 MHz, 8001 MHz, 21.48 W, 5 %
2026/09/30 13:26:21.316, P0, 69, 2625 MHz, 8001 MHz, 42.35 W, 95 %
2026/09/30 13:26:22.332, P0, 71, 2610 MHz, 8001 MHz, 98.07 W, 95 %
2026/09/30 13:26:23.345, P0, 71, 2610 MHz, 8001 MHz, 98.83 W, 95 %
2026/09/30 13:26:24.348, P0, 72, 2610 MHz, 8001 MHz, 99.06 W, 94 %
2026/09/30 13:26:25.362, P0, 72, 2610 MHz, 8001 MHz, 98.76 W, 94 %
2026/09/30 13:26:26.372, P0, 72, 2610 MHz, 8001 MHz, 98.32 W, 95 %
2026/09/30 13:26:27.386, P0, 71, 2610 MHz, 8001 MHz, 98.46 W, 94 %
2026/09/30 13:26:28.398, P0, 72, 2610 MHz, 8001 MHz, 98.86 W, 95 %
2026/09/30 13:26:29.401, P0, 59, 2625 MHz, 8001 MHz, 32.89 W, 4 %
2026/09/30 13:26:30.407, P0, 57, 2370 MHz, 8001 MHz, 21.38 W, 37 %
2026/09/30 13:26:31.422, P0, 71, 2595 MHz, 8001 MHz, 88.72 W, 97 %
2026/09/30 13:26:32.435, P0, 72, 2595 MHz, 8001 MHz, 99.64 W, 97 %
2026/09/30 13:26:33.448, P0, 71, 2610 MHz, 8001 MHz, 100.12 W, 96 %
2026/09/30 13:26:34.462, P0, 73, 2580 MHz, 8001 MHz, 99.66 W, 96 %
2026/09/30 13:26:35.464, P0, 71, 2610 MHz, 8001 MHz, 99.57 W, 97 %
2026/09/30 13:26:36.467, P0, 72, 2595 MHz, 8001 MHz, 99.93 W, 97 %
2026/09/30 13:26:37.482, P0, 71, 2595 MHz, 8001 MHz, 99.72 W, 96 %
2026/09/30 13:26:38.496, P0, 71, 2610 MHz, 8001 MHz, 99.96 W, 95 %
2026/09/30 13:26:39.496, P0, 72, 2610 MHz, 8001 MHz, 99.86 W, 96 %
2026/09/30 13:26:40.510, P0, 72, 2610 MHz, 8001 MHz, 99.82 W, 96 %
2026/09/30 13:26:41.524, P0, 73, 2580 MHz, 8001 MHz, 99.95 W, 97 %
2026/09/30 13:26:42.528, P0, 59, 2625 MHz, 8001 MHz, 46.71 W, 4 %
2026/09/30 13:26:43.542, P0, 58, 2370 MHz, 8001 MHz, 21.11 W, 4 %
2026/09/30 13:26:44.557, P0, 72, 2610 MHz, 8001 MHz, 86.20 W, 96 %
2026/09/30 13:26:45.561, P0, 73, 2610 MHz, 8001 MHz, 100.03 W, 97 %
2026/09/30 13:26:46.562, P0, 71, 2595 MHz, 8001 MHz, 99.67 W, 96 %
2026/09/30 13:26:47.576, P0, 71, 2595 MHz, 8001 MHz, 99.75 W, 96 %
2026/09/30 13:26:48.591, P0, 71, 2580 MHz, 8001 MHz, 99.76 W, 95 %
2026/09/30 13:26:49.592, P0, 72, 2580 MHz, 8001 MHz, 99.92 W, 96 %
2026/09/30 13:26:50.606, P0, 73, 2595 MHz, 8001 MHz, 99.75 W, 96 %
2026/09/30 13:26:51.616, P0, 72, 2595 MHz, 8001 MHz, 99.75 W, 96 %
2026/09/30 13:26:52.631, P0, 73, 2610 MHz, 8001 MHz, 99.73 W, 97 %
2026/09/30 13:26:53.646, P0, 73, 2595 MHz, 8001 MHz, 99.84 W, 96 %
2026/09/30 13:26:54.654, P0, 73, 2610 MHz, 8001 MHz, 99.81 W, 97 %
2026/09/30 13:26:55.655, P0, 60, 2625 MHz, 8001 MHz, 51.11 W, 11 %
2026/09/30 13:26:56.664, P0, 59, 2625 MHz, 8001 MHz, 21.18 W, 6 %
2026/09/30 13:26:57.676, P0, 72, 2520 MHz, 8001 MHz, 75.77 W, 98 %
2026/09/30 13:26:58.677, P0, 74, 2520 MHz, 8001 MHz, 99.01 W, 98 %
2026/09/30 13:26:59.692, P0, 73, 2505 MHz, 8001 MHz, 99.75 W, 98 %
2026/09/30 13:27:00.708, P0, 74, 2535 MHz, 8001 MHz, 99.56 W, 98 %
2026/09/30 13:27:01.710, P0, 74, 2535 MHz, 8001 MHz, 99.48 W, 98 %
2026/09/30 13:27:02.711, P0, 73, 2550 MHz, 8001 MHz, 99.62 W, 98 %
2026/09/30 13:27:03.712, P0, 73, 2550 MHz, 8001 MHz, 99.82 W, 98 %
2026/09/30 13:27:04.727, P0, 73, 2535 MHz, 8001 MHz, 99.10 W, 98 %
2026/09/30 13:27:05.742, P0, 73, 2505 MHz, 8001 MHz, 99.11 W, 98 %
2026/09/30 13:27:06.758, P0, 72, 2520 MHz, 8001 MHz, 99.43 W, 98 %
2026/09/30 13:27:07.772, P0, 73, 2505 MHz, 8001 MHz, 99.05 W, 98 %
2026/09/30 13:27:08.786, P0, 75, 2550 MHz, 8001 MHz, 99.59 W, 98 %
2026/09/30 13:27:09.799, P0, 75, 2535 MHz, 8001 MHz, 99.44 W, 98 %
2026/09/30 13:27:10.801, P0, 75, 2565 MHz, 8001 MHz, 99.68 W, 98 %
2026/09/30 13:27:11.804, P0, 75, 2565 MHz, 8001 MHz, 99.54 W, 92 %
2026/09/30 13:27:12.806, P0, 75, 2520 MHz, 8001 MHz, 98.96 W, 93 %
2026/09/30 13:27:13.807, P0, 75, 2520 MHz, 8001 MHz, 99.30 W, 98 %
2026/09/30 13:27:14.822, P0, 75, 2535 MHz, 8001 MHz, 99.75 W, 93 %
2026/09/30 13:27:15.823, P0, 75, 2535 MHz, 8001 MHz, 99.60 W, 98 %
2026/09/30 13:27:16.829, P0, 74, 2535 MHz, 8001 MHz, 99.99 W, 98 %
2026/09/30 13:27:17.843, P0, 75, 2535 MHz, 8001 MHz, 99.62 W, 98 %
2026/09/30 13:27:18.847, P0, 75, 2565 MHz, 8001 MHz, 99.64 W, 98 %
2026/09/30 13:27:19.848, P0, 63, 2610 MHz, 8001 MHz, 84.43 W, 8 %
2026/09/30 13:27:20.848, P0, 60, 2625 MHz, 8001 MHz, 22.65 W, 3 %
2026/09/30 13:27:21.849, P0, 71, 2580 MHz, 8001 MHz, 35.00 W, 97 %
2026/09/30 13:27:22.851, P0, 73, 2520 MHz, 8001 MHz, 99.78 W, 97 %
2026/09/30 13:27:23.867, P0, 73, 2565 MHz, 8001 MHz, 99.29 W, 99 %
2026/09/30 13:27:24.879, P0, 74, 2460 MHz, 8001 MHz, 99.43 W, 98 %
2026/09/30 13:27:25.894, P0, 74, 2550 MHz, 8001 MHz, 99.47 W, 98 %
2026/09/30 13:27:26.895, P0, 74, 2550 MHz, 8001 MHz, 99.93 W, 98 %
2026/09/30 13:27:27.897, P0, 73, 2520 MHz, 8001 MHz, 99.21 W, 93 %
2026/09/30 13:27:28.912, P0, 74, 2460 MHz, 8001 MHz, 99.50 W, 98 %
2026/09/30 13:27:29.918, P0, 74, 2550 MHz, 8001 MHz, 99.03 W, 91 %
2026/09/30 13:27:30.920, P0, 74, 2475 MHz, 8001 MHz, 99.25 W, 95 %
2026/09/30 13:27:31.925, P0, 74, 2505 MHz, 8001 MHz, 99.71 W, 97 %
2026/09/30 13:27:32.928, P0, 73, 2550 MHz, 8001 MHz, 99.41 W, 98 %
2026/09/30 13:27:33.929, P0, 74, 2550 MHz, 8001 MHz, 99.46 W, 98 %
2026/09/30 13:27:34.932, P0, 74, 2490 MHz, 8001 MHz, 99.68 W, 97 %
2026/09/30 13:27:35.933, P0, 72, 2565 MHz, 8001 MHz, 99.57 W, 99 %
2026/09/30 13:27:36.938, P0, 74, 2505 MHz, 8001 MHz, 100.31 W, 98 %
2026/09/30 13:27:37.952, P0, 74, 2520 MHz, 8001 MHz, 100.13 W, 97 %
2026/09/30 13:27:38.965, P0, 73, 2565 MHz, 8001 MHz, 99.96 W, 97 %
2026/09/30 13:27:39.976, P0, 73, 2535 MHz, 8001 MHz, 95.55 W, 36 %
2026/09/30 13:27:40.979, P0, 74, 2550 MHz, 8001 MHz, 95.94 W, 90 %
2026/09/30 13:27:41.981, P0, 73, 2535 MHz, 8001 MHz, 98.95 W, 91 %
2026/09/30 13:27:42.995, P0, 73, 2550 MHz, 8001 MHz, 99.06 W, 98 %
2026/09/30 13:27:43.996, P0, 73, 2505 MHz, 8001 MHz, 99.17 W, 97 %
2026/09/30 13:27:45.009, P0, 61, 2625 MHz, 8001 MHz, 77.98 W, 12 %
2026/09/30 13:27:46.022, P0, 60, 2625 MHz, 8001 MHz, 22.24 W, 10 %
2026/09/30 13:27:47.033, P0, 72, 2535 MHz, 8001 MHz, 54.84 W, 97 %
2026/09/30 13:27:48.047, P0, 74, 2535 MHz, 8001 MHz, 100.13 W, 98 %
2026/09/30 13:27:49.047, P0, 73, 2490 MHz, 8001 MHz, 99.97 W, 98 %
2026/09/30 13:27:50.062, P0, 73, 2475 MHz, 8001 MHz, 99.35 W, 91 %
2026/09/30 13:27:51.063, P0, 73, 2520 MHz, 8001 MHz, 99.43 W, 98 %
2026/09/30 13:27:52.065, P0, 73, 2490 MHz, 8001 MHz, 99.57 W, 95 %
2026/09/30 13:27:53.075, P0, 74, 2565 MHz, 8001 MHz, 99.46 W, 89 %
2026/09/30 13:27:54.076, P0, 74, 2460 MHz, 8001 MHz, 99.02 W, 98 %
2026/09/30 13:27:55.089, P0, 73, 2520 MHz, 8001 MHz, 98.61 W, 97 %
2026/09/30 13:27:56.092, P0, 74, 2490 MHz, 8001 MHz, 99.71 W, 97 %
2026/09/30 13:27:57.107, P0, 73, 2550 MHz, 8001 MHz, 99.48 W, 98 %
2026/09/30 13:27:58.111, P0, 74, 2535 MHz, 8001 MHz, 99.57 W, 95 %
2026/09/30 13:27:59.113, P0, 73, 2535 MHz, 8001 MHz, 99.24 W, 91 %
2026/09/30 13:28:00.128, P0, 73, 2535 MHz, 8001 MHz, 97.17 W, 88 %
2026/09/30 13:28:01.143, P0, 73, 2505 MHz, 8001 MHz, 99.32 W, 98 %
2026/09/30 13:28:02.155, P0, 73, 2565 MHz, 8001 MHz, 98.81 W, 98 %
2026/09/30 13:28:03.158, P0, 74, 2580 MHz, 8001 MHz, 99.68 W, 97 %
2026/09/30 13:28:04.160, P0, 72, 2550 MHz, 8001 MHz, 99.38 W, 92 %
2026/09/30 13:28:05.175, P0, 72, 2430 MHz, 8001 MHz, 99.70 W, 97 %
2026/09/30 13:28:06.189, P0, 74, 2490 MHz, 8001 MHz, 100.31 W, 98 %
2026/09/30 13:28:07.201, P0, 73, 2475 MHz, 8001 MHz, 98.11 W, 87 %
2026/09/30 13:28:08.204, P0, 74, 2550 MHz, 8001 MHz, 96.25 W, 46 %
2026/09/30 13:28:09.219, P0, 73, 2475 MHz, 8001 MHz, 97.64 W, 97 %
2026/09/30 13:28:10.232, P0, 60, 2625 MHz, 8001 MHz, 28.59 W, 4 %
2026/09/30 13:28:11.242, P0, 68, 2580 MHz, 8001 MHz, 29.44 W, 98 %
2026/09/30 13:28:12.245, P0, 71, 2535 MHz, 8001 MHz, 98.79 W, 99 %
2026/09/30 13:28:13.258, P0, 72, 2565 MHz, 8001 MHz, 99.20 W, 98 %
2026/09/30 13:28:14.271, P0, 74, 2535 MHz, 8001 MHz, 99.53 W, 98 %
2026/09/30 13:28:15.286, P0, 74, 2475 MHz, 8001 MHz, 99.23 W, 97 %
2026/09/30 13:28:16.290, P0, 72, 2565 MHz, 8001 MHz, 99.20 W, 98 %
2026/09/30 13:28:17.292, P0, 74, 2535 MHz, 8001 MHz, 99.54 W, 97 %
2026/09/30 13:28:18.305, P0, 73, 2550 MHz, 8001 MHz, 99.52 W, 98 %
2026/09/30 13:28:19.307, P0, 74, 2565 MHz, 8001 MHz, 99.57 W, 99 %
2026/09/30 13:28:20.310, P0, 74, 2550 MHz, 8001 MHz, 99.55 W, 98 %
2026/09/30 13:28:21.312, P0, 74, 2520 MHz, 8001 MHz, 99.44 W, 98 %
2026/09/30 13:28:22.315, P0, 74, 2550 MHz, 8001 MHz, 99.73 W, 98 %
2026/09/30 13:28:23.319, P0, 72, 2505 MHz, 8001 MHz, 99.66 W, 98 %
2026/09/30 13:28:24.322, P0, 74, 2550 MHz, 8001 MHz, 99.38 W, 98 %
2026/09/30 13:28:25.323, P0, 74, 2550 MHz, 8001 MHz, 99.66 W, 97 %
2026/09/30 13:28:26.324, P0, 73, 2520 MHz, 8001 MHz, 99.60 W, 98 %
2026/09/30 13:28:27.327, P0, 73, 2520 MHz, 8001 MHz, 99.75 W, 98 %
2026/09/30 13:28:28.342, P0, 74, 2505 MHz, 8001 MHz, 99.75 W, 98 %
2026/09/30 13:28:29.358, P0, 75, 2520 MHz, 8001 MHz, 99.32 W, 98 %
2026/09/30 13:28:30.363, P0, 72, 2535 MHz, 8001 MHz, 99.34 W, 98 %
2026/09/30 13:28:31.368, P0, 75, 2505 MHz, 8001 MHz, 100.04 W, 98 %
2026/09/30 13:28:32.384, P0, 73, 2460 MHz, 8001 MHz, 99.47 W, 98 %
2026/09/30 13:28:33.386, P0, 73, 2520 MHz, 8001 MHz, 99.57 W, 98 %
2026/09/30 13:28:34.401, P0, 63, 2610 MHz, 8001 MHz, 84.55 W, 8 %
2026/09/30 13:28:35.414, P0, 60, 2625 MHz, 8001 MHz, 22.24 W, 6 %
2026/09/30 13:28:36.430, P0, 71, 2610 MHz, 8001 MHz, 48.41 W, 96 %
2026/09/30 13:28:37.445, P0, 73, 2565 MHz, 8001 MHz, 100.03 W, 96 %
2026/09/30 13:28:38.459, P0, 72, 2565 MHz, 8001 MHz, 99.90 W, 96 %
2026/09/30 13:28:39.460, P0, 72, 2580 MHz, 8001 MHz, 99.65 W, 96 %
2026/09/30 13:28:40.475, P0, 73, 2505 MHz, 8001 MHz, 99.81 W, 96 %
2026/09/30 13:28:41.481, P0, 73, 2550 MHz, 8001 MHz, 98.18 W, 96 %
2026/09/30 13:28:42.482, P0, 74, 2580 MHz, 8001 MHz, 98.60 W, 95 %
2026/09/30 13:28:43.484, P0, 74, 2580 MHz, 8001 MHz, 99.93 W, 96 %
2026/09/30 13:28:44.486, P0, 73, 2580 MHz, 8001 MHz, 99.48 W, 96 %
2026/09/30 13:28:45.487, P0, 74, 2535 MHz, 8001 MHz, 100.17 W, 96 %
2026/09/30 13:28:46.501, P0, 74, 2565 MHz, 8001 MHz, 96.84 W, 96 %
2026/09/30 13:28:47.513, P0, 64, 2610 MHz, 8001 MHz, 93.72 W, 33 %
2026/09/30 13:28:48.524, P0, 60, 2625 MHz, 8001 MHz, 25.21 W, 5 %
2026/09/30 13:28:49.525, P0, 69, 2610 MHz, 8001 MHz, 34.90 W, 97 %
2026/09/30 13:28:50.527, P0, 73, 2565 MHz, 8001 MHz, 100.21 W, 97 %
2026/09/30 13:28:51.541, P0, 72, 2550 MHz, 8001 MHz, 99.37 W, 96 %
2026/09/30 13:28:52.553, P0, 72, 2535 MHz, 8001 MHz, 99.68 W, 97 %
2026/09/30 13:28:53.568, P0, 72, 2580 MHz, 8001 MHz, 99.61 W, 97 %
2026/09/30 13:28:54.569, P0, 73, 2580 MHz, 8001 MHz, 99.65 W, 97 %
2026/09/30 13:28:55.585, P0, 73, 2580 MHz, 8001 MHz, 99.62 W, 96 %
2026/09/30 13:28:56.599, P0, 72, 2595 MHz, 8001 MHz, 99.69 W, 96 %
2026/09/30 13:28:57.602, P0, 73, 2610 MHz, 8001 MHz, 99.91 W, 96 %
2026/09/30 13:28:58.615, P0, 73, 2595 MHz, 8001 MHz, 99.62 W, 96 %
2026/09/30 13:28:59.617, P0, 73, 2565 MHz, 8001 MHz, 99.67 W, 96 %
2026/09/30 13:29:00.629, P0, 73, 2610 MHz, 8001 MHz, 99.74 W, 97 %
2026/09/30 13:29:01.643, P0, 60, 2625 MHz, 8001 MHz, 34.90 W, 4 %
2026/09/30 13:29:02.645, P0, 65, 2370 MHz, 8001 MHz, 22.25 W, 55 %
2026/09/30 13:29:03.645, P0, 72, 2610 MHz, 8001 MHz, 87.91 W, 95 %
2026/09/30 13:29:04.659, P0, 73, 2610 MHz, 8001 MHz, 98.16 W, 94 %
2026/09/30 13:29:05.661, P0, 73, 2610 MHz, 8001 MHz, 98.77 W, 94 %
2026/09/30 13:29:06.674, P0, 72, 2595 MHz, 8001 MHz, 98.56 W, 94 %
2026/09/30 13:29:07.674, P0, 72, 2610 MHz, 8001 MHz, 98.29 W, 95 %
2026/09/30 13:29:08.688, P0, 72, 2610 MHz, 8001 MHz, 98.87 W, 95 %
2026/09/30 13:29:09.698, P0, 73, 2610 MHz, 8001 MHz, 99.06 W, 95 %
2026/09/30 13:29:10.713, P0, 60, 2625 MHz, 8001 MHz, 58.81 W, 9 %
2026/09/30 13:29:11.726, P0, 59, 2625 MHz, 8001 MHz, 21.02 W, 5 %
2026/09/30 13:29:12.741, P0, 72, 2610 MHz, 8001 MHz, 97.86 W, 95 %
2026/09/30 13:29:13.755, P0, 72, 2610 MHz, 8001 MHz, 98.49 W, 94 %
2026/09/30 13:29:14.769, P0, 72, 2610 MHz, 8001 MHz, 98.52 W, 95 %
2026/09/30 13:29:15.784, P0, 73, 2610 MHz, 8001 MHz, 98.59 W, 94 %
2026/09/30 13:29:16.793, P0, 73, 2610 MHz, 8001 MHz, 99.02 W, 93 %
2026/09/30 13:29:17.805, P0, 72, 2610 MHz, 8001 MHz, 98.39 W, 94 %
2026/09/30 13:29:18.817, P0, 72, 2610 MHz, 8001 MHz, 98.48 W, 94 %
2026/09/30 13:29:19.832, P0, 59, 2625 MHz, 8001 MHz, 46.07 W, 3 %
2026/09/30 13:29:20.835, P0, 58, 2625 MHz, 8001 MHz, 20.63 W, 3 %
2026/09/30 13:29:21.846, P0, 71, 2610 MHz, 8001 MHz, 76.10 W, 95 %
2026/09/30 13:29:22.846, P0, 71, 2610 MHz, 8001 MHz, 98.30 W, 95 %
2026/09/30 13:29:23.850, P0, 73, 2610 MHz, 8001 MHz, 98.41 W, 94 %
2026/09/30 13:29:24.862, P0, 73, 2610 MHz, 8001 MHz, 98.41 W, 94 %
2026/09/30 13:29:25.875, P0, 72, 2610 MHz, 8001 MHz, 98.32 W, 94 %
2026/09/30 13:29:26.883, P0, 72, 2610 MHz, 8001 MHz, 98.40 W, 94 %
2026/09/30 13:29:27.896, P0, 72, 2610 MHz, 8001 MHz, 98.38 W, 93 %
2026/09/30 13:29:28.910, P0, 60, 2625 MHz, 8001 MHz, 73.34 W, 7 %
2026/09/30 13:29:29.912, P0, 58, 2625 MHz, 8001 MHz, 21.26 W, 7 %
2026/09/30 13:29:30.913, P0, 70, 2610 MHz, 8001 MHz, 49.79 W, 95 %
2026/09/30 13:29:31.914, P0, 71, 2610 MHz, 8001 MHz, 98.09 W, 95 %
2026/09/30 13:29:32.928, P0, 72, 2610 MHz, 8001 MHz, 98.40 W, 95 %
2026/09/30 13:29:33.941, P0, 71, 2610 MHz, 8001 MHz, 98.28 W, 95 %
2026/09/30 13:29:34.942, P0, 72, 2610 MHz, 8001 MHz, 98.56 W, 95 %
2026/09/30 13:29:35.955, P0, 72, 2610 MHz, 8001 MHz, 98.57 W, 95 %
2026/09/30 13:29:36.968, P0, 71, 2610 MHz, 8001 MHz, 98.78 W, 95 %
2026/09/30 13:29:37.969, P0, 63, 2610 MHz, 8001 MHz, 96.51 W, 66 %
2026/09/30 13:29:38.969, P0, 59, 2625 MHz, 8001 MHz, 27.35 W, 4 %
2026/09/30 13:29:39.984, P0, 63, 2370 MHz, 8001 MHz, 23.54 W, 63 %
2026/09/30 13:29:40.996, P0, 70, 2565 MHz, 8001 MHz, 93.52 W, 96 %
2026/09/30 13:29:42.005, P0, 72, 2595 MHz, 8001 MHz, 99.40 W, 93 %
2026/09/30 13:29:43.005, P0, 71, 2595 MHz, 8001 MHz, 100.00 W, 96 %
2026/09/30 13:29:44.009, P0, 71, 2595 MHz, 8001 MHz, 99.85 W, 96 %
2026/09/30 13:29:45.011, P0, 71, 2580 MHz, 8001 MHz, 99.72 W, 96 %
2026/09/30 13:29:46.027, P0, 72, 2595 MHz, 8001 MHz, 99.56 W, 96 %
2026/09/30 13:29:47.036, P0, 72, 2580 MHz, 8001 MHz, 99.14 W, 91 %
2026/09/30 13:29:48.049, P0, 72, 2595 MHz, 8001 MHz, 99.79 W, 97 %
2026/09/30 13:29:49.061, P0, 72, 2580 MHz, 8001 MHz, 99.66 W, 96 %
2026/09/30 13:29:50.064, P0, 72, 2565 MHz, 8001 MHz, 99.60 W, 96 %
2026/09/30 13:29:51.075, P0, 71, 2565 MHz, 8001 MHz, 99.48 W, 97 %
2026/09/30 13:29:52.087, P0, 59, 2625 MHz, 8001 MHz, 38.19 W, 5 %
2026/09/30 13:29:53.103, P0, 58, 2625 MHz, 8001 MHz, 21.36 W, 24 %
2026/09/30 13:29:54.117, P0, 72, 2595 MHz, 8001 MHz, 87.76 W, 96 %
2026/09/30 13:29:55.131, P0, 71, 2595 MHz, 8001 MHz, 99.59 W, 96 %
2026/09/30 13:29:56.144, P0, 72, 2595 MHz, 8001 MHz, 99.72 W, 96 %
2026/09/30 13:29:57.146, P0, 73, 2580 MHz, 8001 MHz, 99.83 W, 97 %
2026/09/30 13:29:58.159, P0, 72, 2580 MHz, 8001 MHz, 99.82 W, 97 %
2026/09/30 13:29:59.171, P0, 72, 2580 MHz, 8001 MHz, 99.90 W, 97 %
2026/09/30 13:30:00.186, P0, 73, 2550 MHz, 8001 MHz, 99.62 W, 97 %
2026/09/30 13:30:01.200, P0, 73, 2580 MHz, 8001 MHz, 99.52 W, 97 %
2026/09/30 13:30:02.213, P0, 72, 2610 MHz, 8001 MHz, 99.48 W, 92 %
2026/09/30 13:30:03.213, P0, 72, 2595 MHz, 8001 MHz, 99.42 W, 96 %
2026/09/30 13:30:04.215, P0, 73, 2610 MHz, 8001 MHz, 99.92 W, 96 %
2026/09/30 13:30:05.227, P0, 60, 2625 MHz, 8001 MHz, 46.79 W, 5 %
2026/09/30 13:30:06.229, P0, 59, 2625 MHz, 8001 MHz, 21.34 W, 4 %
2026/09/30 13:30:07.241, P0, 71, 2565 MHz, 8001 MHz, 99.38 W, 98 %
2026/09/30 13:30:08.245, P0, 72, 2535 MHz, 8001 MHz, 99.58 W, 98 %
2026/09/30 13:30:09.257, P0, 71, 2475 MHz, 8001 MHz, 99.67 W, 97 %
2026/09/30 13:30:10.273, P0, 73, 2520 MHz, 8001 MHz, 99.67 W, 98 %
2026/09/30 13:30:11.288, P0, 73, 2580 MHz, 8001 MHz, 99.18 W, 98 %
2026/09/30 13:30:12.301, P0, 73, 2565 MHz, 8001 MHz, 99.33 W, 98 %
2026/09/30 13:30:13.317, P0, 74, 2550 MHz, 8001 MHz, 99.64 W, 98 %
2026/09/30 13:30:14.318, P0, 73, 2550 MHz, 8001 MHz, 99.51 W, 98 %
2026/09/30 13:30:15.332, P0, 73, 2505 MHz, 8001 MHz, 99.77 W, 98 %
2026/09/30 13:30:16.346, P0, 72, 2520 MHz, 8001 MHz, 99.69 W, 98 %
2026/09/30 13:30:17.346, P0, 74, 2490 MHz, 8001 MHz, 98.99 W, 98 %
2026/09/30 13:30:18.347, P0, 74, 2595 MHz, 8001 MHz, 99.51 W, 98 %
2026/09/30 13:30:19.353, P0, 74, 2550 MHz, 8001 MHz, 99.41 W, 98 %
2026/09/30 13:30:20.356, P0, 73, 2595 MHz, 8001 MHz, 99.43 W, 98 %
2026/09/30 13:30:21.370, P0, 74, 2565 MHz, 8001 MHz, 99.66 W, 98 %
2026/09/30 13:30:22.375, P0, 73, 2565 MHz, 8001 MHz, 99.69 W, 98 %
2026/09/30 13:30:23.389, P0, 74, 2565 MHz, 8001 MHz, 99.33 W, 97 %
2026/09/30 13:30:24.400, P0, 74, 2535 MHz, 8001 MHz, 99.69 W, 97 %
2026/09/30 13:30:25.400, P0, 74, 2550 MHz, 8001 MHz, 99.05 W, 98 %
2026/09/30 13:30:26.401, P0, 73, 2565 MHz, 8001 MHz, 99.21 W, 97 %
2026/09/30 13:30:27.402, P0, 74, 2535 MHz, 8001 MHz, 99.55 W, 98 %
2026/09/30 13:30:28.417, P0, 74, 2535 MHz, 8001 MHz, 100.18 W, 98 %
2026/09/30 13:30:29.432, P0, 62, 2625 MHz, 8001 MHz, 71.51 W, 6 %
2026/09/30 13:30:30.436, P0, 59, 2625 MHz, 8001 MHz, 21.60 W, 5 %
2026/09/30 13:30:31.437, P0, 71, 2505 MHz, 8001 MHz, 59.11 W, 98 %
2026/09/30 13:30:32.438, P0, 73, 2520 MHz, 8001 MHz, 99.68 W, 97 %
2026/09/30 13:30:33.441, P0, 73, 2550 MHz, 8001 MHz, 100.03 W, 98 %
2026/09/30 13:30:34.451, P0, 73, 2475 MHz, 8001 MHz, 99.93 W, 98 %
2026/09/30 13:30:35.464, P0, 72, 2475 MHz, 8001 MHz, 99.78 W, 98 %
2026/09/30 13:30:36.468, P0, 73, 2505 MHz, 8001 MHz, 99.03 W, 98 %
2026/09/30 13:30:37.468, P0, 74, 2490 MHz, 8001 MHz, 99.93 W, 97 %
2026/09/30 13:30:38.468, P0, 73, 2550 MHz, 8001 MHz, 99.64 W, 98 %
2026/09/30 13:30:39.484, P0, 73, 2565 MHz, 8001 MHz, 99.72 W, 98 %
2026/09/30 13:30:40.499, P0, 71, 2505 MHz, 8001 MHz, 99.42 W, 98 %
2026/09/30 13:30:41.513, P0, 74, 2520 MHz, 8001 MHz, 99.28 W, 98 %
2026/09/30 13:30:42.517, P0, 73, 2535 MHz, 8001 MHz, 99.69 W, 98 %
2026/09/30 13:30:43.531, P0, 73, 2505 MHz, 8001 MHz, 99.63 W, 98 %
2026/09/30 13:30:44.533, P0, 72, 2490 MHz, 8001 MHz, 99.68 W, 97 %
2026/09/30 13:30:45.548, P0, 74, 2535 MHz, 8001 MHz, 99.72 W, 98 %
2026/09/30 13:30:46.548, P0, 73, 2550 MHz, 8001 MHz, 99.43 W, 99 %
2026/09/30 13:30:47.563, P0, 73, 2550 MHz, 8001 MHz, 99.41 W, 98 %
2026/09/30 13:30:48.566, P0, 73, 2505 MHz, 8001 MHz, 99.78 W, 97 %
2026/09/30 13:30:49.582, P0, 74, 2565 MHz, 8001 MHz, 99.66 W, 98 %
2026/09/30 13:30:50.587, P0, 72, 2550 MHz, 8001 MHz, 99.47 W, 98 %
2026/09/30 13:30:51.600, P0, 73, 2505 MHz, 8001 MHz, 99.61 W, 98 %
2026/09/30 13:30:52.602, P0, 75, 2460 MHz, 8001 MHz, 99.76 W, 97 %
2026/09/30 13:30:53.617, P0, 75, 2505 MHz, 8001 MHz, 100.12 W, 99 %
