frame,input_width,input_height,output_width,output_height,ngx_evaluation_gpu_ms,frame_wall_ms,nr_gpu_ms,nr_passes,nr_successes,nvapi_kernels,nvapi_chains,guide_copies,guide_copy_bytes
40,1280,720,1920,1080,18.644,713.681,17.2667,1,1,156,156,0,0
41,1280,720,1920,1080,15.0938,17.335,13.7226,1,1,156,156,0,0
42,1280,720,1920,1080,16.7332,19.6814,15.1839,1,1,156,156,0,0
43,1280,720,1920,1080,17.2308,19.796,15.8597,1,1,156,156,0,0
44,1280,720,1920,1080,16.5642,18.9238,15.1921,1,1,156,156,0,0
45,1280,720,1920,1080,18.7249,20.9801,17.0967,1,1,156,156,0,0
46,1280,720,1920,1080,17.1233,19.2803,15.7542,1,1,156,156,0,0
47,1280,720,1920,1080,16.5663,18.9242,15.1982,1,1,156,156,0,0
48,1280,720,1920,1080,17.5135,21.0908,15.8884,1,1,156,156,0,0
49,1280,720,1920,1080,17.0977,19.279,15.7317,1,1,156,156,0,0
50,1280,720,1920,1080,16.0123,19.6056,13.9796,1,1,156,156,0,0
51,1280,720,1920,1080,17.0691,19.7995,15.703,1,1,156,156,0,0
52,1280,720,1920,1080,16.5591,18.9949,15.19,1,1,156,156,0,0
53,1280,720,1920,1080,17.6497,21.014,16.2806,1,1,156,156,0,0
54,1280,720,1920,1080,15.3436,18.8313,13.9745,1,1,156,156,0,0
55,1280,720,1920,1080,18.8785,21.1492,17.4797,1,1,156,156,0,0
56,1280,720,1920,1080,16.2755,19.4147,14.9105,1,1,156,156,0,0
57,1280,720,1920,1080,16.0512,19.7152,13.9991,1,1,156,156,0,0
58,1280,720,1920,1080,17.0465,19.3027,15.6764,1,1,156,156,0,0
59,1280,720,1920,1080,15.3559,19.0594,13.9899,1,1,156,156,0,0
60,1280,720,1920,1080,13.6468,857.553,12.2317,1,0,0,0,0,0
61,1280,720,1920,1080,16.94,28.8748,15.5771,1,1,156,156,0,0
62,1280,720,1920,1080,16.1772,18.9717,14.806,1,1,156,156,0,0
63,1280,720,1920,1080,17.2749,21.0141,15.8495,1,1,156,156,0,0
64,1280,720,1920,1080,16.2222,18.9526,14.8562,1,1,156,156,0,0
65,1280,720,1920,1080,16.5243,18.735,15.1593,1,1,156,156,0,0
66,1280,720,1920,1080,17.4387,21.1409,16.0717,1,1,156,156,0,0
67,1280,720,1920,1080,16.7619,19.0937,15.3764,1,1,156,156,0,0
68,1280,720,1920,1080,17.2708,19.4626,15.9027,1,1,156,156,0,0
69,1280,720,1920,1080,19.1222,21.4813,17.751,1,1,156,156,0,0
70,1280,720,1920,1080,17.3353,19.5069,15.9621,1,1,156,156,0,0
71,1280,720,1920,1080,18.5723,21.2119,17.1981,1,1,156,156,0,0
72,1280,720,1920,1080,16.7649,19.0141,15.3958,1,1,156,156,0,0
73,1280,720,1920,1080,15.575,19.247,14.0278,1,1,156,156,0,0
74,1280,720,1920,1080,15.4081,18.1261,14.038,1,1,156,156,0,0
75,1280,720,1920,1080,16.6308,18.9797,15.2607,1,1,156,156,0,0
76,1280,720,1920,1080,18.3685,20.9341,16.9953,1,1,156,156,0,0
77,1280,720,1920,1080,16.3707,18.9254,14.9996,1,1,156,156,0,0
78,1280,720,1920,1080,17.4971,19.7271,16.1229,1,1,156,156,0,0
79,1280,720,1920,1080,16.7926,19.3016,15.4225,1,1,156,156,0,0
80,1280,720,1920,1080,13.5598,857.691,12.1405,1,0,0,0,0,0
81,1280,720,1920,1080,17.1827,30.0037,15.8249,1,1,156,156,0,0
82,1280,720,1920,1080,15.2852,18.6026,13.9172,1,1,156,156,0,0
83,1280,720,1920,1080,18.5436,21.2565,15.9058,1,1,156,156,0,0
84,1280,720,1920,1080,15.3324,18.7679,13.9643,1,1,156,156,0,0
85,1280,720,1920,1080,15.276,18.5389,13.9121,1,1,156,156,0,0
86,1280,720,1920,1080,17.2995,20.9059,15.9293,1,1,156,156,0,0
87,1280,720,1920,1080,15.4092,19.1119,14.036,1,1,156,156,0,0
88,1280,720,1920,1080,16.6369,18.8802,15.2658,1,1,156,156,0,0
89,1280,720,1920,1080,17.3261,21.1836,15.9314,1,1,156,156,0,0
90,1280,720,1920,1080,15.5238,17.8364,14.1527,1,1,156,156,0,0
91,1280,720,1920,1080,20.6367,23.1212,18.3624,1,1,156,156,0,0
92,1280,720,1920,1080,16.342,18.8062,14.9709,1,1,156,156,0,0
93,1280,720,1920,1080,15.3651,18.675,13.995,1,1,156,156,0,0
94,1280,720,1920,1080,18.8815,21.0774,17.278,1,1,156,156,0,0
95,1280,720,1920,1080,16.6328,19.4022,15.2617,1,1,156,156,0,0
96,1280,720,1920,1080,17.2186,20.7195,14.6268,1,1,156,156,0,0
97,1280,720,1920,1080,16.4393,18.929,15.0671,1,1,156,156,0,0
98,1280,720,1920,1080,17.3322,20.795,14.676,1,1,156,156,0,0
99,1280,720,1920,1080,16.6185,19.2057,15.2484,1,1,156,156,0,0
100,640,360,1920,1080,13.5864,870.724,11.817,1,0,0,0,0,0
101,640,360,1920,1080,7.47827,19.6208,4.30592,1,1,156,156,0,0
102,640,360,1920,1080,7.48339,9.9029,6.00371,1,1,156,156,0,0
103,640,360,1920,1080,5.9136,9.3362,4.44109,1,1,156,156,0,0
104,640,360,1920,1080,5.88186,9.1393,4.41651,1,1,156,156,0,0
105,640,360,1920,1080,7.59808,9.8758,6.03546,1,1,156,156,0,0
106,640,360,1920,1080,7.20691,9.8702,5.73747,1,1,156,156,0,0
107,640,360,1920,1080,6.83622,9.4587,5.14253,1,1,156,156,0,0
108,640,360,1920,1080,7.37075,9.7763,5.88595,1,1,156,156,0,0
109,640,360,1920,1080,5.90848,9.0359,4.43699,1,1,156,156,0,0
110,640,360,1920,1080,7.71174,10.224,5.9648,1,1,156,156,0,0
111,640,360,1920,1080,5.83987,8.4911,4.37043,1,1,156,156,0,0
112,640,360,1920,1080,7.34925,9.7059,5.86445,1,1,156,156,0,0
113,640,360,1920,1080,7.08608,9.6465,5.61152,1,1,156,156,0,0
114,640,360,1920,1080,7.29702,9.7926,5.62688,1,1,156,156,0,0
115,640,360,1920,1080,5.87059,9.2068,4.39808,1,1,156,156,0,0
116,640,360,1920,1080,7.38714,9.7647,5.91565,1,1,156,156,0,0
117,640,360,1920,1080,7.76602,11.0906,4.51891,1,1,156,156,0,0
118,640,360,1920,1080,7.44448,9.7209,5.9648,1,1,156,156,0,0
119,640,360,1920,1080,6.5577,9.6009,5.08723,1,1,156,156,0,0
120,1280,720,1920,1080,13.7964,892.972,12.375,1,0,0,0,0,0
121,1280,720,1920,1080,16.9595,29.5837,15.6006,1,1,156,156,0,0
122,1280,720,1920,1080,16.2642,18.8078,14.8951,1,1,156,156,0,0
123,1280,720,1920,1080,16.5642,18.7463,15.1941,1,1,156,156,0,0
124,1280,720,1920,1080,17.2503,19.6977,15.3784,1,1,156,156,0,0
125,1280,720,1920,1080,15.3405,17.6808,13.9725,1,1,156,156,0,0
126,1280,720,1920,1080,16.9114,19.2648,15.5433,1,1,156,156,0,0
127,1280,720,1920,1080,17.4295,20.9066,16.0635,1,1,156,156,0,0
128,1280,720,1920,1080,16.5847,18.8193,15.2197,1,1,156,156,0,0
129,1280,720,1920,1080,17.3517,21.2321,15.9539,1,1,156,156,0,0
130,1280,720,1920,1080,17.1684,19.3191,15.7942,1,1,156,156,0,0
131,1280,720,1920,1080,15.401,18.8399,14.0308,1,1,156,156,0,0
132,1280,720,1920,1080,19.0106,21.1273,17.4039,1,1,156,156,0,0
133,1280,720,1920,1080,16.6267,18.8832,15.2556,1,1,156,156,0,0
134,1280,720,1920,1080,18.5098,20.9195,17.1397,1,1,156,156,0,0
135,1280,720,1920,1080,15.4337,19.0951,14.0636,1,1,156,156,0,0
136,1280,720,1920,1080,15.3702,18.6567,13.9981,1,1,156,156,0,0
137,1280,720,1920,1080,18.4812,20.7912,15.8771,1,1,156,156,0,0
138,1280,720,1920,1080,17.2943,19.6793,15.9191,1,1,156,156,0,0
139,1280,720,1920,1080,15.5628,19.3805,14.0073,1,1,156,156,0,0
140,1280,720,1920,1080,1.41005,2.6624,0,0,0,0,0,0,0
141,1280,720,1920,1080,1.36397,2.0793,0,0,0,0,0,0,0
142,1280,720,1920,1080,2.32653,3.8745,0,0,0,0,0,0,0
143,1280,720,1920,1080,1.37626,2.189,0,0,0,0,0,0,0
144,1280,720,1920,1080,1.35373,2.0568,0,0,0,0,0,0,0
145,1280,720,1920,1080,2.29069,3.7377,0,0,0,0,0,0,0
146,1280,720,1920,1080,2.20672,2.7929,0,0,0,0,0,0,0
147,1280,720,1920,1080,1.36704,2.0165,0,0,0,0,0,0,0
148,1280,720,1920,1080,1.35578,1.9065,0,0,0,0,0,0,0
149,1280,720,1920,1080,2.39309,3.7093,0,0,0,0,0,0,0
150,1280,720,1920,1080,18.0337,21.1149,16.1137,1,1,156,156,0,0
151,1280,720,1920,1080,15.6938,18.1525,14.3165,1,1,156,156,0,0
152,1280,720,1920,1080,15.3846,19.2693,14.0052,1,1,156,156,0,0
153,1280,720,1920,1080,18.5426,21.0558,17.1622,1,1,156,156,0,0
154,1280,720,1920,1080,17.3087,19.4897,15.9283,1,1,156,156,0,0
155,1280,720,1920,1080,17.3353,20.0009,15.957,1,1,156,156,0,0
156,1280,720,1920,1080,16.513,19.098,15.1368,1,1,156,156,0,0
157,1280,720,1920,1080,16.64,18.9133,15.2607,1,1,156,156,0,0
158,1280,720,1920,1080,18.562,20.8791,17.1858,1,1,156,156,0,0
159,1280,720,1920,1080,15.404,18.7955,14.0268,1,1,156,156,0,0
160,1280,720,1920,1080,16.6175,18.809,15.2381,1,1,156,156,0,0
161,1280,720,1920,1080,16.1249,19.5335,14.7446,1,1,156,156,0,0
162,1280,720,1920,1080,15.4225,19.0573,14.0421,1,1,156,156,0,0
163,1280,720,1920,1080,18.5405,20.9013,15.9314,1,1,156,156,0,0
164,1280,720,1920,1080,17.4275,19.6338,16.0471,1,1,156,156,0,0
165,1280,720,1920,1080,17.2728,20.745,13.9899,1,1,156,156,0,0
166,1280,720,1920,1080,15.1521,17.5162,13.7748,1,1,156,156,0,0
167,1280,720,1920,1080,15.4092,18.8494,14.0298,1,1,156,156,0,0
168,1280,720,1920,1080,18.5508,21.3937,17.1479,1,1,156,156,0,0
169,1280,720,1920,1080,15.4051,18.4253,14.0257,1,1,156,156,0,0
170,1280,720,1920,1080,15.4409,19.0661,14.0626,1,1,156,156,0,0
171,1280,720,1920,1080,16.1126,20.0975,14.7343,1,1,156,156,0,0
172,1280,720,1920,1080,16.6584,19.0715,15.2801,1,1,156,156,0,0
173,1280,720,1920,1080,16.6328,19.2319,15.2525,1,1,156,156,0,0
174,1280,720,1920,1080,15.4409,18.3892,14.0657,1,1,156,156,0,0
175,1280,720,1920,1080,16.9984,19.5059,15.6242,1,1,156,156,0,0
176,1280,720,1920,1080,17.3046,20.718,15.9242,1,1,156,156,0,0
177,1280,720,1920,1080,16.3779,19.0847,15.0016,1,1,156,156,0,0
178,1280,720,1920,1080,16.0799,19.8235,14.0278,1,1,156,156,0,0
179,1280,720,1920,1080,17.1223,20.2047,15.745,1,1,156,156,0,0
